Column,DataType,TotalCount,NullCount,NullPercentage,InfiniteCount,UniqueCount,Min,Max,Mean,Std
Time,float64,284807,0,0.0,0,124592,0.0,172792.0,94813.8596,47488.146
V1,float64,284807,0,0.0,0,275663,-56.4075,2.4549,0.0,1.9587
V2,float64,284807,0,0.0,0,275663,-72.7157,22.0577,0.0,1.6513
V3,float64,284807,0,0.0,0,275663,-48.3256,9.3826,-0.0,1.5163
V4,float64,284807,0,0.0,0,275663,-5.6832,16.8753,0.0,1.4159
V5,float64,284807,0,0.0,0,275663,-113.7433,34.8017,0.0,1.3802
V6,float64,284807,0,0.0,0,275663,-26.1605,73.3016,0.0,1.3323
V7,float64,284807,0,0.0,0,275663,-43.5572,120.5895,-0.0,1.2371
V8,float64,284807,0,0.0,0,275663,-73.2167,20.0072,0.0,1.1944
V9,float64,284807,0,0.0,0,275663,-13.4341,15.595,-0.0,1.0986
V10,float64,284807,0,0.0,0,275663,-24.5883,23.7451,0.0,1.0888
V11,float64,284807,0,0.0,0,275663,-4.7975,12.0189,0.0,1.0207
V12,float64,284807,0,0.0,0,275663,-18.6837,7.8484,-0.0,0.9992
V13,float64,284807,0,0.0,0,275663,-5.7919,7.1269,0.0,0.9953
V14,float64,284807,0,0.0,0,275663,-19.2143,10.5268,0.0,0.9586
V15,float64,284807,0,0.0,0,275663,-4.4989,8.8777,0.0,0.9153
V16,float64,284807,0,0.0,0,275663,-14.1299,17.3151,0.0,0.8763
V17,float64,284807,0,0.0,0,275663,-25.1628,9.2535,-0.0,0.8493
V18,float64,284807,0,0.0,0,275663,-9.4987,5.0411,0.0,0.8382
V19,float64,284807,0,0.0,0,275663,-7.2135,5.592,0.0,0.814
V20,float64,284807,0,0.0,0,275663,-54.4977,39.4209,0.0,0.7709
V21,float64,284807,0,0.0,0,275663,-34.8304,27.2028,0.0,0.7345
V22,float64,284807,0,0.0,0,275663,-10.9331,10.5031,-0.0,0.7257
V23,float64,284807,0,0.0,0,275663,-44.8077,22.5284,0.0,0.6245
V24,float64,284807,0,0.0,0,275663,-2.8366,4.5845,0.0,0.6056
V25,float64,284807,0,0.0,0,275663,-10.2954,7.5196,0.0,0.5213
V26,float64,284807,0,0.0,0,275663,-2.6046,3.5173,0.0,0.4822
V27,float64,284807,0,0.0,0,275663,-22.5657,31.6122,-0.0,0.4036
V28,float64,284807,0,0.0,0,275663,-15.4301,33.8478,-0.0,0.3301
Amount,float64,284807,0,0.0,0,32767,0.0,25691.16,88.3496,250.1201
Class,int64,284807,0,0.0,0,2,0.0,1.0,0.0017,0.0415
