Feature,Coefficient,Abs_Coef
Time,-2.025364152909667,2.025364152909667
V1,1.9226511238757706,1.9226511238757706
V14,-1.489252270202787,1.489252270202787
V4,1.451269305276199,1.451269305276199
V12,-1.4156322116815774,1.4156322116815774
V5,1.403077302132911,1.403077302132911
Hour_of_Day,1.3951331163933083,1.3951331163933083
V10,-1.3850407841370547,1.3850407841370547
V17,-1.0637105182320392,1.0637105182320392
V16,-0.997753080955919,0.997753080955919
V20,-0.9541488578266433,0.9541488578266433
V2,0.9079466992231381,0.9079466992231381
V7,-0.7427763131609397,0.7427763131609397
V22,0.714602903617651,0.714602903617651
V6,-0.6730210480445245,0.6730210480445245
V8,-0.6708590093574308,0.6708590093574308
Amount,0.6652838212275336,0.6652838212275336
V11,0.5201190985233738,0.5201190985233738
V9,-0.43053691489940094,0.43053691489940094
V15,-0.33894493544818177,0.33894493544818177
V13,-0.3375330802487144,0.3375330802487144
V23,0.3034324972633478,0.3034324972633478
V28,0.29489856827770106,0.29489856827770106
V19,0.2639759156851957,0.2639759156851957
V18,-0.19540678257531113,0.19540678257531113
V25,-0.19457462981543405,0.19457462981543405
V27,-0.18944266801737547,0.18944266801737547
Log_Amount,0.1862886688158334,0.1862886688158334
V21,0.1542187806991179,0.1542187806991179
V3,0.13941179547453783,0.13941179547453783
V26,-0.13516086891274873,0.13516086891274873
V24,0.0042183093426991615,0.0042183093426991615
